﻿{"cameraMode":{"drawMode":0,"name":"Shaded","section":"Shading Mode"},"sceneLighting":false,"audioPlay":false,"sceneViewState":{"showFog":true,"showMaterialUpdate":false,"showSkybox":false,"showFlares":true,"showImageEffects":true,"showParticleSystems":true},"in2DMode":false,"pivot":{"x":-7.058000087738037,"y":1.1375999450683594,"z":0.6632999777793884},"rotation":{"x":0.20488391816616059,"y":-0.02202061004936695,"z":0.004610654432326555,"w":0.9785277247428894},"size":1.3065744638442994,"orthographic":false}