﻿{"cameraMode":{"drawMode":0,"name":"Shaded","section":"Shading Mode"},"sceneLighting":true,"audioPlay":false,"sceneViewState":{"showFog":true,"showMaterialUpdate":false,"showSkybox":true,"showFlares":true,"showImageEffects":true,"showParticleSystems":true},"in2DMode":false,"pivot":{"x":0.11999988555908203,"y":0.20000004768371583,"z":5.349999904632568},"rotation":{"x":0.20488391816616059,"y":-0.02202061004936695,"z":0.004610654432326555,"w":0.9785277247428894},"size":23.698143005371095,"orthographic":false}